date,temperature,dewpoint,pressure,wind_speed,wind_dir,wind_dir_degrees,visibility,humidity,max_temperature,min_temperature,temperature_normal,min_temperature_normal,max_temperature_normal,min_temperature_record,max_temperature_record,min_temperature_record_year,max_temperature_record_year,max_humidity,min_humidity,max_dewpoint,min_dewpoint,max_pressure,min_pressure,max_wind_speed,min_wind_speed,max_visibility,min_visibility,fog,hail,snow,rain,thunder,tornado,snowfall,monthtodatesnowfall,since1julsnowfall,snowdepth,precip,preciprecord,preciprecordyear,precipnormal,since1janprecipitation,since1janprecipitationnormal,monthtodateprecipitation,monthtodateprecipitationnormal,precipsource,gdegreedays,heatingdegreedays,coolingdegreedays,heatingdegreedaysnormal,monthtodateheatingdegreedays,monthtodateheatingdegreedaysnormal,since1sepheatingdegreedays,since1sepheatingdegreedaysnormal,since1julheatingdegreedays,since1julheatingdegreedaysnormal,coolingdegreedaysnormal,monthtodatecoolingdegreedays,monthtodatecoolingdegreedaysnormal,since1sepcoolingdegreedays,since1sepcoolingdegreedaysnormal,since1jancoolingdegreedays,since1jancoolingdegreedaysnormal,avgoktas,icon
19900101,54,42,30.09,5,None,None,9,None,62,46,None,None,None,35,78,1919,1898,75,38,50,30,30.19,30.03,10,0,10,8,0,0,0,0,0,0,0.0,None,None,None,0.0,1.6,1855,None,None,None,None,None,None,4,11,0,None,None,None,None,None,None,None,None,None,None,None,None,None,None,3,partlycloudy
19900102,55,47,29.98,9,None,None,13,None,57,52,None,None,None,35,80,1919,1893,90,58,53,42,30.06,29.94,16,4,20,3,0,0,0,1,0,0,0.0,None,None,None,0.42,1.53,1879,None,None,None,None,None,None,5,10,0,None,None,None,None,None,None,None,None,None,None,None,None,None,None,5,rain
19900103,53,44,30.18,4,None,None,11,None,60,46,None,None,None,34,83,1949,1943,89,53,46,42,30.26,30.08,8,0,20,7,0,0,0,0,0,0,0.0,None,None,None,0.0,1.08,2005,None,None,None,None,None,None,3,12,0,None,None,None,None,None,None,None,None,None,None,None,None,None,None,2,mostlysunny
19900104,53,34,30.23,5,None,None,13,None,64,42,None,None,None,29,86,1949,1969,71,23,44,20,30.29,30.19,16,0,20,10,0,0,0,0,0,0,0.0,None,None,None,0.0,2.24,1995,None,None,None,None,None,None,3,12,0,None,None,None,None,None,None,None,None,None,None,None,None,None,None,0,clear
19900105,55,35,30.22,5,None,None,13,None,66,44,None,None,None,30,83,1949,2012,74,22,48,22,30.26,30.18,15,0,20,8,0,0,0,0,0,0,0.0,None,None,None,0.0,1.65,2016,None,None,None,None,None,None,5,10,0,None,None,None,None,None,None,None,None,None,None,None,None,None,None,0,clear
19900106,56,34,30.27,3,None,None,14,None,69,44,None,None,None,28,83,1913,2006,68,17,45,22,30.34,30.22,8,0,20,10,0,0,0,0,0,0,0.0,None,None,None,0.0,1.27,1977,None,None,None,None,None,None,6,8,0,None,None,None,None,None,None,None,None,None,None,None,None,None,None,1,mostlysunny
19900107,54,40,30.28,2,None,None,13,None,64,44,None,None,None,25,82,1913,2003,89,35,53,27,30.35,30.23,10,0,20,8,0,0,0,0,0,0,0.0,None,None,None,0.0,1.27,1957,None,None,None,None,None,None,4,11,0,None,None,None,None,None,None,None,None,None,None,None,None,None,None,2,mostlysunny
19900108,56,47,30.14,3,None,None,6,None,64,48,None,None,None,33,78,1894,1983,90,42,53,40,30.24,30.06,13,0,8,5,1,0,0,0,0,0,0.0,None,None,None,0.0,0.96,1931,None,None,None,None,None,None,6,9,0,None,None,None,None,None,None,None,None,None,None,None,None,None,None,2,hazy
19900109,60,48,30.08,4,None,None,6,None,71,48,None,None,None,35,85,1891,1923,100,44,53,43,30.14,30.05,9,0,7,0,1,0,0,0,0,0,0.0,None,None,None,0.0,1.57,2018,None,None,None,None,None,None,10,6,0,None,None,None,None,None,None,None,None,None,None,None,None,None,None,0,hazy
19900110,58,53,30.08,4,None,None,3,None,66,51,None,None,None,34,88,1888,1953,100,63,55,49,30.14,30.03,9,0,10,0,1,0,0,0,0,0,0.0,None,None,None,0.0,1.76,1911,None,None,None,None,None,None,8,6,0,None,None,None,None,None,None,None,None,None,None,None,None,None,None,3,hazy
19900111,60,52,30.07,5,None,None,4,None,71,50,None,None,None,35,83,1913,1983,100,45,57,44,30.13,29.99,12,0,8,0,1,0,0,0,0,0,0.0,None,None,None,0.0,1.56,1886,None,None,None,None,None,None,10,4,0,None,None,None,None,None,None,None,None,None,None,None,None,None,None,3,hazy
19900112,58,52,30.05,5,None,None,8,None,64,53,None,None,None,34,82,1882,1986,87,61,56,46,30.1,30.01,12,0,20,5,1,0,0,0,0,0,0.0,None,None,None,0.0,2.49,1882,None,None,None,None,None,None,8,6,0,None,None,None,None,None,None,None,None,None,None,None,None,None,None,5,hazy
19900113,59,56,30.06,9,None,None,8,None,63,55,None,None,None,31,83,1963,1904,97,78,59,53,30.11,30.03,15,5,10,5,1,0,0,1,0,0,0.0,None,None,None,0.12,1.29,1952,None,None,None,None,None,None,9,6,0,None,None,None,None,None,None,None,None,None,None,None,None,None,None,7,rain
19900114,58,53,30.05,8,None,None,10,None,62,54,None,None,None,35,82,1963,1975,97,67,58,48,30.09,30.02,16,0,15,5,1,0,0,1,0,0,0.0,None,None,None,0.83,2.12,1978,None,None,None,None,None,None,8,6,0,None,None,None,None,None,None,None,None,None,None,None,None,None,None,7,rain
19900115,56,48,30.07,6,None,None,9,None,60,51,None,None,None,34,82,1888,2014,92,64,50,47,30.12,30.04,9,4,15,6,0,0,0,1,0,0,0.0,None,None,None,0.17,1.8,1993,None,None,None,None,None,None,6,10,0,None,None,None,None,None,None,None,None,None,None,None,None,None,None,7,rain
19900116,55,47,30.02,7,None,None,10,None,59,51,None,None,None,34,86,1947,1976,89,60,50,44,30.09,29.95,14,0,20,7,0,0,0,1,0,0,0.0,None,None,None,0.14,1.12,1993,None,None,None,None,None,None,5,10,0,None,None,None,None,None,None,None,None,None,None,None,None,None,None,6,rain
19900117,52,40,29.91,9,None,None,11,None,55,46,None,None,None,34,86,1888,1977,80,53,46,34,29.95,29.87,16,4,15,5,0,0,0,1,1,0,0.0,None,None,None,0.44,1.55,1916,None,None,None,None,None,None,2,14,0,None,None,None,None,None,None,None,None,None,None,None,None,None,None,6,tstorms
19900118,50,38,29.99,6,None,None,11,None,55,45,None,None,None,34,81,1888,1971,74,49,42,34,30.07,29.93,10,0,15,7,0,0,0,1,1,0,0.0,None,None,None,0.0,1.35,1874,None,None,None,None,None,None,0,15,0,None,None,None,None,None,None,None,None,None,None,None,None,None,None,3,tstorms
19900119,52,42,30.06,5,None,None,10,None,59,45,None,None,None,39,87,1948,2005,80,49,46,36,30.1,30.03,10,0,10,10,0,0,0,0,0,0,0.0,None,None,None,0.0,2.15,1895,None,None,None,None,None,None,2,13,0,None,None,None,None,None,None,None,None,None,None,None,None,None,None,2,mostlysunny
19900120,56,40,30.09,4,None,None,12,None,64,48,None,None,None,33,80,1883,1942,80,35,44,36,30.13,30.05,10,0,20,10,0,0,0,0,0,0,0.0,None,None,None,0.0,1.37,1962,None,None,None,None,None,None,6,9,0,None,None,None,None,None,None,None,None,None,None,None,None,None,None,2,mostlysunny
19900121,56,37,30.07,4,None,None,14,None,66,45,None,None,None,32,82,1883,1912,68,29,44,31,30.12,30.02,9,0,20,10,0,0,0,0,0,0,0.0,None,None,None,0.0,1.67,1915,None,None,None,None,None,None,6,10,0,None,None,None,None,None,None,None,None,None,None,None,None,None,None,3,partlycloudy
19900122,57,34,30.02,4,None,None,14,None,70,44,None,None,None,30,80,1937,2013,64,16,45,21,30.05,29.97,13,0,20,10,0,0,0,0,0,0,0.0,None,None,None,0.0,1.53,1967,None,None,None,None,None,None,7,8,0,None,None,None,None,None,None,None,None,None,None,None,None,None,None,1,mostlysunny
19900123,58,35,30.02,5,None,None,11,None,71,46,None,None,None,37,81,1937,1953,66,22,43,29,30.06,29.98,13,0,20,10,0,0,0,0,0,0,0.0,None,None,None,0.0,2.23,1943,None,None,None,None,None,None,8,6,0,None,None,None,None,None,None,None,None,None,None,None,None,None,None,0,clear
19900124,64,28,30.03,4,None,None,12,None,80,48,None,None,None,35,82,1932,1951,61,7,43,4,30.13,29.97,12,0,20,10,0,0,0,0,0,0,0.0,None,None,None,0.0,0.62,1941,None,None,None,None,None,None,14,1,0,None,None,None,None,None,None,None,None,None,None,None,None,None,None,0,clear
19900125,62,23,30.11,4,None,None,15,None,75,48,None,None,None,36,81,1949,1951,41,13,32,14,30.18,30.04,12,0,20,10,0,0,0,0,0,0,0.0,None,None,None,0.0,1.99,1995,None,None,None,None,None,None,12,4,0,None,None,None,None,None,None,None,None,None,None,None,None,None,None,0,clear
19900126,58,36,29.99,5,None,None,12,None,71,46,None,None,None,36,82,1949,2003,93,15,52,21,30.04,29.94,9,0,15,8,0,0,0,0,0,0,0.0,None,None,None,0.0,2.04,1914,None,None,None,None,None,None,8,6,0,None,None,None,None,None,None,None,None,None,None,None,None,None,None,4,partlycloudy
19900127,57,40,30.01,4,None,None,8,None,66,48,None,None,None,37,83,1950,1984,89,24,50,28,30.13,29.94,9,0,10,5,1,0,0,0,0,0,0.0,None,None,None,0.0,2.19,1916,None,None,None,None,None,None,7,8,0,None,None,None,None,None,None,None,None,None,None,None,None,None,None,4,hazy
19900128,59,24,30.13,4,None,None,15,None,73,45,None,None,None,36,83,1948,1962,63,12,39,17,30.19,30.08,13,0,20,10,0,0,0,0,0,0,0.0,None,None,None,0.0,1.32,1915,None,None,None,None,None,None,9,6,0,None,None,None,None,None,None,None,None,None,None,None,None,None,None,1,mostlysunny
19900129,58,35,30.0,5,None,None,12,None,69,46,None,None,None,33,82,1880,2018,89,18,52,21,30.12,29.92,9,0,20,3,1,0,0,0,0,0,0.0,None,None,None,0.0,1.92,1980,None,None,None,None,None,None,8,8,0,None,None,None,None,None,None,None,None,None,None,None,None,None,None,1,hazy
19900130,54,48,29.84,5,None,None,8,None,62,46,None,None,None,34,83,1949,2018,96,55,52,42,29.94,29.76,14,0,20,3,1,0,0,1,0,0,0.0,None,None,None,0.04,0.8,1966,None,None,None,None,None,None,4,11,0,None,None,None,None,None,None,None,None,None,None,None,None,None,None,6,rain
19900131,56,45,29.81,10,None,None,13,None,60,52,None,None,None,32,83,1880,2003,93,55,50,42,29.92,29.75,17,0,20,5,0,0,0,1,0,0,0.0,None,None,None,0.09,2.57,1979,None,None,None,None,None,None,6,9,0,None,None,None,None,None,None,None,None,None,None,None,None,None,None,4,rain
19900201,56,44,29.96,11,None,None,12,None,60,53,None,None,None,36,84,1880,1935,77,51,49,37,30.05,29.91,21,4,20,7,0,0,0,1,0,0,0.0,None,None,None,0.0,1.05,1866,None,None,None,None,None,None,6,8,0,None,None,None,None,None,None,None,None,None,None,None,None,None,None,4,rain
19900202,54,33,30.16,7,None,None,15,None,62,45,None,None,None,35,83,1880,2000,63,31,36,31,30.25,30.06,13,0,20,10,0,0,0,0,0,0,0.0,None,None,None,0.0,1.64,1905,None,None,None,None,None,None,4,12,0,None,None,None,None,None,None,None,None,None,None,None,None,None,None,0,clear
19900203,54,32,30.22,4,None,None,11,None,64,45,None,None,None,37,85,1932,1954,66,24,41,25,30.28,30.17,13,0,15,10,0,0,0,0,0,0,0.0,None,None,None,0.0,1.52,1998,None,None,None,None,None,None,4,10,0,None,None,None,None,None,None,None,None,None,None,None,None,None,None,4,partlycloudy
19900204,52,38,30.06,5,None,None,10,None,57,46,None,None,None,37,82,1922,1947,83,47,48,33,30.16,29.99,17,0,20,2,1,0,0,1,0,0,0.0,None,None,None,0.25,1.4,1856,None,None,None,None,None,None,2,14,0,None,None,None,None,None,None,None,None,None,None,None,None,None,None,4,rain
19900205,52,38,30.14,6,None,None,10,None,60,44,None,None,None,38,83,1894,2007,83,35,48,31,30.2,30.08,10,0,10,10,0,0,0,0,0,0,0.0,None,None,None,0.0,1.13,1935,None,None,None,None,None,None,2,13,0,None,None,None,None,None,None,None,None,None,None,None,None,None,None,0,clear
19900206,52,39,30.09,3,None,None,11,None,61,44,None,None,None,34,83,1899,1952,80,41,43,35,30.16,30.03,9,0,20,7,0,0,0,0,0,0,0.0,None,None,None,0.0,2.71,1937,None,None,None,None,None,None,2,12,0,None,None,None,None,None,None,None,None,None,None,None,None,None,None,1,mostlysunny
19900207,53,41,30.02,5,None,None,9,None,60,46,None,None,None,37,88,1899,1954,79,44,48,33,30.07,29.99,9,0,15,7,0,0,0,0,0,0,0.0,None,None,None,0.0,1.41,2009,None,None,None,None,None,None,3,12,0,None,None,None,None,None,None,None,None,None,None,None,None,None,None,7,mostlycloudy
19900208,56,40,30.06,7,None,None,13,None,61,52,None,None,None,37,85,1883,1954,71,41,46,30,30.16,30.0,12,0,20,10,0,0,0,0,0,0,0.0,None,None,None,0.0,1.71,1976,None,None,None,None,None,None,6,8,0,None,None,None,None,None,None,None,None,None,None,None,None,None,None,4,partlycloudy
19900209,54,40,30.23,5,None,None,10,None,62,45,None,None,None,38,83,1929,2016,74,41,47,35,30.27,30.16,12,0,20,10,0,0,0,0,0,0,0.0,None,None,None,0.0,2.39,1901,None,None,None,None,None,None,4,12,0,None,None,None,None,None,None,None,None,None,None,None,None,None,None,0,clear
19900210,56,38,30.19,5,None,None,10,None,66,45,None,None,None,34,86,1891,2016,75,40,48,24,30.25,30.12,14,0,15,6,0,0,0,0,0,0,0.0,None,None,None,0.0,1.21,1915,None,None,None,None,None,None,6,10,0,None,None,None,None,None,None,None,None,None,None,None,None,None,None,1,mostlysunny
19900211,60,46,30.06,4,None,None,8,None,71,48,None,None,None,34,84,1894,2016,93,36,56,32,30.16,29.98,14,0,10,7,0,0,0,0,0,0,0.0,None,None,None,0.0,2.0,1854,None,None,None,None,None,None,10,6,0,None,None,None,None,None,None,None,None,None,None,None,None,None,None,4,partlycloudy
19900212,58,51,29.99,6,None,None,10,None,62,55,None,None,None,35,86,1880,1943,93,64,55,47,30.02,29.95,13,0,15,6,1,0,0,0,0,0,0.0,None,None,None,0.0,1.2,2003,None,None,None,None,None,None,8,6,0,None,None,None,None,None,None,None,None,None,None,None,None,None,None,8,hazy
19900213,56,44,29.95,9,None,None,10,None,59,53,None,None,None,35,87,1894,1943,75,48,49,34,30.0,29.9,17,4,15,10,0,0,0,1,0,0,0.0,None,None,None,0.0,1.01,1878,None,None,None,None,None,None,6,9,0,None,None,None,None,None,None,None,None,None,None,None,None,None,None,7,rain
19900214,50,21,29.94,17,None,None,13,None,52,46,None,None,None,36,85,1903,1943,45,23,31,13,30.05,29.88,22,6,15,10,0,0,0,1,0,0,0.0,None,None,None,0.0,1.84,1927,None,None,None,None,None,None,0,15,0,None,None,None,None,None,None,None,None,None,None,None,None,None,None,4,rain
19900215,46,20,30.14,7,None,None,10,None,54,37,None,None,None,35,85,1903,1943,51,23,27,15,30.19,30.06,10,0,10,10,0,0,0,0,0,0,0.0,None,None,None,0.0,1.96,1887,None,None,None,None,None,None,0,20,0,None,None,None,None,None,None,None,None,None,None,None,None,None,None,1,mostlysunny
19900216,48,29,30.19,7,None,None,14,None,55,41,None,None,None,34,89,1911,2016,54,36,36,22,30.23,30.16,14,4,20,10,0,0,0,0,0,0,0.0,None,None,None,0.0,1.67,1932,None,None,None,None,None,None,0,17,0,None,None,None,None,None,None,None,None,None,None,None,None,None,None,2,mostlysunny
19900217,54,42,30.09,15,None,None,11,None,57,50,None,None,None,36,84,1894,1930,93,52,50,36,30.16,30.05,21,5,20,4,0,0,0,1,0,0,0.0,None,None,None,0.68,1.38,1998,None,None,None,None,None,None,4,12,0,None,None,None,None,None,None,None,None,None,None,None,None,None,None,8,rain
19900218,55,43,30.08,8,None,None,10,None,59,51,None,None,None,37,80,1894,1981,89,48,50,36,30.11,30.05,22,0,20,7,0,0,0,1,0,0,0.0,None,None,None,0.17,0.81,1980,None,None,None,None,None,None,5,10,0,None,None,None,None,None,None,None,None,None,None,None,None,None,None,7,rain
19900219,48,36,30.21,7,None,None,15,None,55,42,None,None,None,38,90,1955,1995,79,42,39,32,30.31,30.12,12,0,20,10,0,0,0,0,0,0,0.0,None,None,None,0.0,1.47,1993,None,None,None,None,None,None,0,16,0,None,None,None,None,None,None,None,None,None,None,None,None,None,None,1,mostlysunny
19900220,52,38,30.25,5,None,None,9,None,61,42,None,None,None,37,81,1882,1982,77,44,46,27,30.3,30.2,14,0,10,7,0,0,0,0,0,0,0.0,None,None,None,0.0,1.41,1980,None,None,None,None,None,None,2,14,0,None,None,None,None,None,None,None,None,None,None,None,None,None,None,3,partlycloudy
19900221,54,44,30.16,4,None,None,7,None,63,46,None,None,None,39,83,1953,1981,86,47,49,27,30.25,30.09,12,0,10,7,0,0,0,0,0,0,0.0,None,None,None,0.0,2.18,2005,None,None,None,None,None,None,4,10,0,None,None,None,None,None,None,None,None,None,None,None,None,None,None,5,partlysunny
19900222,59,42,30.13,4,None,None,10,None,72,46,None,None,None,38,87,1897,2002,83,29,47,34,30.16,30.08,14,0,20,7,0,0,0,0,0,0,0.0,None,None,None,0.0,1.5,1941,None,None,None,None,None,None,9,6,0,None,None,None,None,None,None,None,None,None,None,None,None,None,None,5,partlysunny
19900223,66,40,30.14,4,None,None,9,None,78,53,None,None,None,38,85,1887,1954,81,17,52,30,30.2,30.09,12,0,20,7,0,0,0,0,0,0,0.0,None,None,None,0.0,1.15,1855,None,None,None,None,None,None,16,0,0,None,None,None,None,None,None,None,None,None,None,None,None,None,None,3,partlycloudy
19900224,63,44,30.11,3,None,None,10,None,75,51,None,None,None,38,89,1897,1921,83,24,56,35,30.15,30.08,8,0,20,7,0,0,0,0,0,0,0.0,None,None,None,0.0,1.17,1873,None,None,None,None,None,None,13,2,0,None,None,None,None,None,None,None,None,None,None,None,None,None,None,5,partlysunny
19900225,64,46,30.08,4,None,None,8,None,72,55,None,None,None,41,82,1956,1926,78,27,55,36,30.1,30.05,10,0,15,4,1,0,0,0,0,0,0.0,None,None,None,0.0,1.48,2003,None,None,None,None,None,None,14,2,0,None,None,None,None,None,None,None,None,None,None,None,None,None,None,7,hazy
19900226,58,51,30.08,4,None,None,5,None,64,52,None,None,None,38,87,1894,1926,100,56,53,48,30.13,30.06,10,0,7,0,1,0,0,0,0,0,0.0,None,None,None,0.0,1.14,1902,None,None,None,None,None,None,8,7,0,None,None,None,None,None,None,None,None,None,None,None,None,None,None,5,hazy
19900227,58,50,30.14,6,None,None,8,None,62,53,None,None,None,39,83,1876,1883,93,53,52,39,30.17,30.11,12,0,10,3,1,0,0,0,0,0,0.0,None,None,None,0.0,2.34,2017,None,None,None,None,None,None,8,8,0,None,None,None,None,None,None,None,None,None,None,None,None,None,None,3,hazy
19900228,58,48,30.15,7,None,None,6,None,61,54,None,None,None,40,83,1890,1901,84,53,53,41,30.18,30.12,14,4,8,4,0,0,0,0,0,0,0.0,None,None,None,0.0,1.64,1970,None,None,None,None,None,None,8,8,0,None,None,None,None,None,None,None,None,None,None,None,None,None,None,7,mostlycloudy
19900301,59,47,30.12,6,None,None,6,None,63,55,None,None,None,41,82,1888,1901,77,51,53,39,30.15,30.08,13,0,10,3,1,0,0,0,0,0,0.0,None,None,None,0.0,1.64,1981,None,None,None,None,None,None,9,6,0,None,None,None,None,None,None,None,None,None,None,None,None,None,None,8,hazy
19900302,60,47,30.12,6,None,None,10,None,62,57,None,None,None,39,85,1971,2009,81,53,51,40,30.15,30.08,13,4,15,8,0,0,0,0,0,0,0.0,None,None,None,71.26,1.95,1992,None,None,None,None,None,None,10,6,0,None,None,None,None,None,None,None,None,None,None,None,None,None,None,7,mostlycloudy
19900303,60,48,30.1,6,None,None,8,None,66,55,None,None,None,38,79,1894,1931,84,49,54,38,30.16,30.05,14,0,10,7,0,0,0,0,0,0,0.0,None,None,None,0.0,1.32,1896,None,None,None,None,None,None,10,4,0,None,None,None,None,None,None,None,None,None,None,None,None,None,None,6,partlysunny
19900304,58,44,30.03,8,None,None,11,None,61,55,None,None,None,39,85,1894,1987,75,42,52,34,30.07,30.01,14,4,20,7,0,0,0,1,0,0,0.0,None,None,None,0.0,1.12,2005,None,None,None,None,None,None,8,7,0,None,None,None,None,None,None,None,None,None,None,None,None,None,None,8,rain
19900305,56,39,30.04,13,None,None,14,None,59,52,None,None,None,36,86,1894,1899,69,36,44,29,30.12,29.98,18,5,20,10,0,0,0,1,0,0,0.0,None,None,None,0.02,1.18,1981,None,None,None,None,None,None,6,9,0,None,None,None,None,None,None,None,None,None,None,None,None,None,None,5,rain
19900306,54,39,30.1,7,None,None,14,None,62,46,None,None,None,38,84,1880,1979,83,39,49,24,30.14,30.06,14,0,20,10,0,0,0,0,0,0,0.0,None,None,None,0.0,1.44,1975,None,None,None,None,None,None,4,11,0,None,None,None,None,None,None,None,None,None,None,None,None,None,None,0,clear
19900307,56,47,30.04,4,None,None,10,None,66,46,None,None,None,41,88,1891,1914,89,44,52,42,30.09,30.0,12,0,10,7,0,0,0,0,0,0,0.0,None,None,None,0.0,2.11,1952,None,None,None,None,None,None,6,9,0,None,None,None,None,None,None,None,None,None,None,None,None,None,None,4,partlycloudy
19900308,58,46,29.95,6,None,None,8,None,61,54,None,None,None,39,85,1882,1996,86,53,50,38,30.0,29.91,13,4,15,6,0,0,0,0,0,0,0.0,None,None,None,0.0,1.33,1968,None,None,None,None,None,None,8,8,0,None,None,None,None,None,None,None,None,None,None,None,None,None,None,8,cloudy
19900309,57,43,29.95,8,None,None,13,None,59,55,None,None,None,40,85,1922,1934,77,41,49,35,30.0,29.91,10,4,20,7,0,0,0,0,0,0,0.0,None,None,None,0.0,0.79,1884,None,None,None,None,None,None,7,8,0,None,None,None,None,None,None,None,None,None,None,None,None,None,None,8,cloudy
19900310,58,45,29.97,7,None,None,12,None,62,55,None,None,None,40,85,1935,1997,75,49,49,41,29.99,29.94,15,5,15,7,0,0,0,1,0,0,0.0,None,None,None,0.0,0.98,1980,None,None,None,None,None,None,8,6,0,None,None,None,None,None,None,None,None,None,None,None,None,None,None,7,rain
19900311,55,42,30.0,13,None,None,10,None,57,52,None,None,None,40,88,1935,1959,96,39,52,33,30.06,29.94,17,9,15,4,1,0,0,1,0,0,0.0,None,None,None,0.1,1.77,1995,None,None,None,None,None,None,5,10,0,None,None,None,None,None,None,None,None,None,None,None,None,None,None,6,rain
19900312,54,38,30.09,12,None,None,15,None,57,51,None,None,None,38,86,1922,2007,63,41,40,34,30.13,30.05,17,7,20,10,0,0,0,0,0,1,0.0,None,None,None,0.0,1.1,1941,None,None,None,None,None,None,4,11,0,None,None,None,None,None,None,None,None,None,None,None,None,None,None,3,tstorms
19900313,52,36,30.17,7,None,None,12,None,59,46,None,None,None,40,89,1917,2015,76,38,40,32,30.22,30.12,15,0,20,10,0,0,0,0,0,0,0.0,None,None,None,0.0,1.28,1941,None,None,None,None,None,None,2,12,0,None,None,None,None,None,None,None,None,None,None,None,None,None,None,3,partlycloudy
19900314,54,38,30.15,5,None,None,10,None,62,46,None,None,None,38,90,1898,2015,71,32,47,32,30.21,30.07,14,0,15,8,0,0,0,0,0,0,0.0,None,None,None,0.0,1.39,1942,None,None,None,None,None,None,4,11,0,None,None,None,None,None,None,None,None,None,None,None,None,None,None,3,partlycloudy
19900315,58,39,30.02,5,None,None,10,None,69,48,None,None,None,39,89,1880,2015,71,32,46,36,30.06,29.95,15,0,15,8,0,0,0,0,0,0,0.0,None,None,None,0.0,1.4,1930,None,None,None,None,None,None,8,6,0,None,None,None,None,None,None,None,None,None,None,None,None,None,None,0,clear
19900316,63,35,30.07,5,None,None,12,None,75,51,None,None,None,38,91,1895,1978,64,13,43,20,30.11,30.05,14,0,20,7,0,0,0,0,0,0,0.0,None,None,None,0.0,1.32,1958,None,None,None,None,None,None,13,2,0,None,None,None,None,None,None,None,None,None,None,None,None,None,None,6,partlysunny
19900317,63,41,30.03,5,None,None,14,None,72,54,None,None,None,40,93,1881,1978,90,22,53,31,30.08,29.97,13,0,20,10,0,0,0,0,0,0,0.0,None,None,None,0.0,2.03,1982,None,None,None,None,None,None,13,2,0,None,None,None,None,None,None,None,None,None,None,None,None,None,None,2,mostlysunny
19900318,59,50,30.01,6,None,None,6,None,68,50,None,None,None,41,82,1920,1960,97,49,56,41,30.05,29.97,14,0,10,0,1,0,0,0,0,0,0.0,None,None,None,0.0,0.57,1886,None,None,None,None,None,None,9,6,0,None,None,None,None,None,None,None,None,None,None,None,None,None,None,2,hazy
19900319,60,53,30.07,6,None,None,4,None,66,53,None,None,None,39,86,1880,1997,100,59,55,51,30.09,30.04,10,4,8,0,1,0,0,0,0,0,0.0,None,None,None,0.0,1.15,1991,None,None,None,None,None,None,10,6,0,None,None,None,None,None,None,None,None,None,None,None,None,None,None,6,hazy
19900320,64,53,30.04,6,None,None,4,None,75,52,None,None,None,42,88,1898,1997,100,29,58,41,30.07,30.01,12,0,10,0,1,0,0,0,0,0,0.0,None,None,None,0.0,0.98,1919,None,None,None,None,None,None,14,2,0,None,None,None,None,None,None,None,None,None,None,None,None,None,None,7,hazy
19900321,66,52,30.01,5,None,None,6,None,78,55,None,None,None,37,90,1894,1931,96,32,59,45,30.05,29.97,10,0,10,0,1,0,0,0,0,0,0.0,None,None,None,0.0,1.83,1893,None,None,None,None,None,None,16,0,2,None,None,None,None,None,None,None,None,None,None,None,None,None,None,2,hazy
19900322,58,54,30.01,7,None,None,4,None,62,55,None,None,None,38,82,1894,1887,100,72,58,52,30.04,29.98,12,4,7,0,1,0,0,0,0,0,0.0,None,None,None,0.0,1.39,1954,None,None,None,None,None,None,8,6,0,None,None,None,None,None,None,None,None,None,None,None,None,None,None,7,hazy
19900323,58,52,30.0,6,None,None,6,None,62,55,None,None,None,40,88,1898,1926,90,70,53,51,30.03,29.97,12,0,7,4,0,0,0,0,0,0,0.0,None,None,None,0.0,0.81,1904,None,None,None,None,None,None,8,6,0,None,None,None,None,None,None,None,None,None,None,None,None,None,None,6,partlysunny
19900324,58,51,29.99,5,None,None,7,None,60,55,None,None,None,43,85,1929,1896,89,69,52,50,30.02,29.96,9,0,10,5,1,0,0,0,0,0,0.0,None,None,None,0.0,2.36,1906,None,None,None,None,None,None,8,8,0,None,None,None,None,None,None,None,None,None,None,None,None,None,None,8,hazy
19900325,60,49,30.06,7,None,None,10,None,64,57,None,None,None,41,89,1880,1988,83,52,52,44,30.11,30.01,12,0,15,7,0,0,0,0,0,0,0.0,None,None,None,0.0,0.85,1998,None,None,None,None,None,None,10,4,0,None,None,None,None,None,None,None,None,None,None,None,None,None,None,7,mostlycloudy
19900326,59,52,30.02,7,None,None,7,None,63,55,None,None,None,41,93,1936,1988,87,62,53,45,30.08,29.98,10,4,7,5,0,0,0,0,0,0,0.0,None,None,None,0.0,0.98,1991,None,None,None,None,None,None,9,6,0,None,None,None,None,None,None,None,None,None,None,None,None,None,None,8,cloudy
19900327,58,47,30.03,9,None,None,10,None,62,55,None,None,None,41,82,1880,1952,83,49,52,41,30.07,29.99,10,7,20,7,0,0,0,1,0,0,0.0,None,None,None,0.0,0.92,1991,None,None,None,None,None,None,8,6,0,None,None,None,None,None,None,None,None,None,None,None,None,None,None,8,rain
19900328,56,48,29.98,9,None,None,7,None,57,54,None,None,None,41,95,1920,1879,93,49,53,36,30.01,29.95,13,6,10,5,1,0,0,1,0,0,0.0,None,None,None,0.13,0.99,1896,None,None,None,None,None,None,6,10,0,None,None,None,None,None,None,None,None,None,None,None,None,None,None,8,rain
19900329,58,49,29.97,6,None,None,9,None,62,54,None,None,None,43,99,1884,1879,84,60,51,47,29.99,29.96,12,0,10,7,0,0,0,0,0,0,0.0,None,None,None,0.0,0.47,1925,None,None,None,None,None,None,8,6,0,None,None,None,None,None,None,None,None,None,None,None,None,None,None,6,partlysunny
19900330,58,48,29.94,5,None,None,8,None,61,54,None,None,None,39,82,1875,2003,83,53,50,40,29.97,29.91,12,0,10,7,0,0,0,0,0,0,0.0,None,None,None,0.0,1.0,1946,None,None,None,None,None,None,8,8,0,None,None,None,None,None,None,None,None,None,None,None,None,None,None,7,mostlycloudy
19900331,58,50,29.96,6,None,None,8,None,63,53,None,None,None,38,84,1905,1945,86,63,51,49,30.0,29.92,12,0,10,7,0,0,0,0,0,0,0.0,None,None,None,0.0,1.18,1941,None,None,None,None,None,None,8,7,0,None,None,None,None,None,None,None,None,None,None,None,None,None,None,6,partlysunny
19900401,60,50,30.0,7,None,None,8,None,62,57,None,None,None,41,87,1892,1985,81,64,51,49,30.07,29.97,9,4,10,7,0,0,0,1,0,0,0.0,None,None,None,0.0,0.77,1958,None,None,None,None,None,None,10,6,0,None,None,None,None,None,None,None,None,None,None,None,None,None,None,8,rain
19900402,62,52,30.06,6,None,None,7,None,66,57,None,None,None,42,92,1906,1960,87,61,55,50,30.11,30.01,14,0,10,5,1,0,0,0,0,0,0.0,None,None,None,0.0,0.51,1880,None,None,None,None,None,None,12,4,0,None,None,None,None,None,None,None,None,None,None,None,None,None,None,3,hazy
19900403,68,51,29.99,6,None,None,9,None,82,55,None,None,None,41,89,1945,1960,93,26,58,42,30.07,29.94,15,0,15,4,1,0,0,1,0,0,0.0,None,None,None,0.03,0.74,1987,None,None,None,None,None,None,18,0,4,None,None,None,None,None,None,None,None,None,None,None,None,None,None,5,rain
19900404,62,57,29.95,6,None,None,9,None,66,59,None,None,None,43,91,1945,1971,96,70,60,52,29.98,29.92,16,0,20,2,1,0,0,1,0,0,0.0,None,None,None,0.27,0.75,1926,None,None,None,None,None,None,12,2,0,None,None,None,None,None,None,None,None,None,None,None,None,None,None,6,rain
19900405,63,57,29.99,7,None,None,11,None,66,60,None,None,None,43,95,1945,1989,93,70,58,56,30.04,29.95,12,5,15,7,0,0,0,1,0,0,0.0,None,None,None,0.01,3.23,1926,None,None,None,None,None,None,13,2,0,None,None,None,None,None,None,None,None,None,None,None,None,None,None,7,rain
19900406,61,55,30.04,9,None,None,11,None,63,59,None,None,None,41,98,1875,1989,90,72,57,53,30.08,29.99,12,6,15,8,0,0,0,0,0,0,0.0,None,None,None,0.0,1.13,1986,None,None,None,None,None,None,11,4,0,None,None,None,None,None,None,None,None,None,None,None,None,None,None,8,cloudy
19900407,62,53,30.03,7,None,None,11,None,66,59,None,None,None,39,93,1875,1989,81,63,54,51,30.06,29.99,14,4,15,10,0,0,0,0,0,0,0.0,None,None,None,0.0,0.57,1965,None,None,None,None,None,None,12,2,0,None,None,None,None,None,None,None,None,None,None,None,None,None,None,7,mostlycloudy
19900408,62,52,30.08,8,None,None,11,None,66,57,None,None,None,41,87,1875,2014,84,54,53,50,30.13,30.02,15,4,15,8,0,0,0,0,0,0,0.0,None,None,None,0.0,1.21,1965,None,None,None,None,None,None,12,4,0,None,None,None,None,None,None,None,None,None,None,None,None,None,None,4,partlycloudy
19900409,60,53,30.11,7,None,None,11,None,66,55,None,None,None,43,90,1893,1968,90,61,57,50,30.16,30.05,14,0,20,8,0,0,0,0,0,0,0.0,None,None,None,0.0,0.82,1912,None,None,None,None,None,None,10,4,0,None,None,None,None,None,None,None,None,None,None,None,None,None,None,1,mostlysunny
19900410,64,56,30.11,5,None,None,9,None,73,55,None,None,None,44,85,1935,1968,90,48,59,53,30.16,30.08,13,0,10,7,0,0,0,0,0,0,0.0,None,None,None,0.0,1.03,1952,None,None,None,None,None,None,14,1,0,None,None,None,None,None,None,None,None,None,None,None,None,None,None,4,partlycloudy
19900411,65,57,30.0,5,None,None,7,None,73,57,None,None,None,44,90,1945,1940,97,44,59,50,30.08,29.91,9,0,15,0,1,0,0,0,0,0,0.0,None,None,None,0.0,1.18,1941,None,None,None,None,None,None,15,0,0,None,None,None,None,None,None,None,None,None,None,None,None,None,None,2,hazy
19900412,66,57,29.91,6,None,None,6,None,73,59,None,None,None,43,93,1927,1888,96,48,59,52,29.94,29.87,10,0,10,2,1,0,0,0,0,0,0.0,None,None,None,0.0,0.95,1856,None,None,None,None,None,None,16,0,1,None,None,None,None,None,None,None,None,None,None,None,None,None,None,3,hazy
19900413,62,55,30.0,8,None,None,7,None,66,59,None,None,None,44,95,1911,1940,93,68,57,54,30.05,29.94,12,4,10,3,1,0,0,0,0,0,0.0,None,None,None,0.0,0.83,1976,None,None,None,None,None,None,12,2,0,None,None,None,None,None,None,None,None,None,None,None,None,None,None,6,hazy
19900414,62,53,30.05,7,None,None,8,None,66,59,None,None,None,42,91,1883,1964,87,63,55,51,30.07,30.02,12,5,10,7,0,0,0,0,0,0,0.0,None,None,None,0.0,1.06,2003,None,None,None,None,None,None,12,2,0,None,None,None,None,None,None,None,None,None,None,None,None,None,None,5,partlysunny
19900415,64,50,29.98,7,None,None,9,None,68,60,None,None,None,44,90,1913,1948,75,49,52,47,30.04,29.89,12,4,10,7,0,0,0,0,0,0,0.0,None,None,None,0.0,1.5,1855,None,None,None,None,None,None,14,1,0,None,None,None,None,None,None,None,None,None,None,None,None,None,None,7,mostlycloudy
19900416,63,52,29.87,11,None,None,12,None,66,60,None,None,None,45,87,1887,1948,81,52,56,48,29.91,29.86,17,6,15,7,0,0,0,0,0,0,0.0,None,None,None,0.0,0.86,1917,None,None,None,None,None,None,13,2,0,None,None,None,None,None,None,None,None,None,None,None,None,None,None,7,mostlycloudy
19900417,62,55,29.88,12,None,None,11,None,66,57,None,None,None,46,86,1967,2016,90,68,57,54,29.92,29.86,15,6,15,4,1,0,0,1,0,0,0.0,None,None,None,0.37,0.61,1923,None,None,None,None,None,None,12,4,0,None,None,None,None,None,None,None,None,None,None,None,None,None,None,6,rain
19900418,62,55,29.95,6,None,None,11,None,66,59,None,None,None,44,87,1896,2016,90,68,57,52,30.02,29.91,14,4,20,7,0,0,0,1,0,0,0.0,None,None,None,0.01,0.42,1983,None,None,None,None,None,None,12,2,0,None,None,None,None,None,None,None,None,None,None,None,None,None,None,5,rain
19900419,64,54,30.02,8,None,None,11,None,66,61,None,None,None,42,91,1880,2009,81,68,56,52,30.05,29.98,15,6,20,10,0,0,0,0,0,0,0.0,None,None,None,0.0,0.7,1881,None,None,None,None,None,None,14,2,0,None,None,None,None,None,None,None,None,None,None,None,None,None,None,8,cloudy
19900420,63,55,30.02,8,None,None,10,None,66,60,None,None,None,42,98,1896,2009,84,65,57,53,30.05,29.98,14,4,15,8,0,0,0,0,0,0,0.0,None,None,None,0.0,1.42,1988,None,None,None,None,None,None,13,2,0,None,None,None,None,None,None,None,None,None,None,None,None,None,None,8,cloudy
19900421,62,54,29.99,7,None,None,12,None,64,59,None,None,None,43,88,1896,1899,83,63,56,50,30.01,29.97,14,4,20,10,0,0,0,0,0,0,0.0,None,None,None,0.0,1.33,1988,None,None,None,None,None,None,12,3,0,None,None,None,None,None,None,None,None,None,None,None,None,None,None,7,mostlycloudy
19900422,63,49,29.97,7,None,None,13,None,66,60,None,None,None,44,95,1878,1910,72,50,51,46,30.01,29.95,13,5,20,10,0,0,0,0,0,0,0.0,None,None,None,0.0,0.46,1914,None,None,None,None,None,None,13,2,0,None,None,None,None,None,None,None,None,None,None,None,None,None,None,7,mostlycloudy
19900423,62,54,29.92,9,None,None,11,None,66,57,None,None,None,46,96,1963,1910,93,63,59,50,29.96,29.89,14,4,20,4,1,0,0,1,0,0,0.0,None,None,None,0.07,0.25,1980,None,None,None,None,None,None,12,4,0,None,None,None,None,None,None,None,None,None,None,None,None,None,None,8,rain
19900424,62,52,29.88,12,None,None,10,None,66,59,None,None,None,44,83,1880,1995,81,60,54,50,29.93,29.82,15,6,10,8,0,0,0,0,0,0,0.0,None,None,None,0.0,0.28,1967,None,None,None,None,None,None,12,2,0,None,None,None,None,None,None,None,None,None,None,None,None,None,None,6,partlysunny
19900425,62,52,29.94,8,None,None,9,None,68,55,None,None,None,44,83,1883,1992,86,56,58,49,29.97,29.92,14,0,10,7,0,0,0,0,0,0,0.0,None,None,None,0.0,0.86,1951,None,None,None,None,None,None,12,4,0,None,None,None,None,None,None,None,None,None,None,None,None,None,None,2,mostlysunny
19900426,64,57,29.91,5,None,None,7,None,70,59,None,None,None,47,88,1932,2004,90,63,58,55,29.94,29.88,12,0,8,5,1,0,0,0,0,0,0.0,None,None,None,0.0,1.06,1931,None,None,None,None,None,None,14,0,0,None,None,None,None,None,None,None,None,None,None,None,None,None,None,3,hazy
19900427,65,57,29.93,5,None,None,7,None,70,60,None,None,None,45,94,1883,2008,93,65,59,55,29.97,29.9,9,0,10,5,1,0,0,0,0,0,0.0,None,None,None,0.0,0.8,1885,None,None,None,None,None,None,15,0,0,None,None,None,None,None,None,None,None,None,None,None,None,None,None,6,hazy
19900428,65,55,29.93,7,None,None,8,None,69,61,None,None,None,45,88,1900,1921,81,61,56,53,29.97,29.89,13,0,10,7,0,0,0,0,0,0,0.0,None,None,None,0.01,1.34,1933,None,None,None,None,None,None,15,0,0,None,None,None,None,None,None,None,None,None,None,None,None,None,None,5,partlysunny
19900429,64,54,29.87,12,None,None,10,None,66,60,None,None,None,43,91,1894,2014,81,60,56,51,29.9,29.84,16,7,15,7,0,0,0,0,0,0,0.0,None,None,None,0.07,0.46,1983,None,None,None,None,None,None,14,2,0,None,None,None,None,None,None,None,None,None,None,None,None,None,None,8,cloudy
19900430,60,45,29.88,12,None,None,12,None,62,57,None,None,None,46,94,1942,2014,69,46,50,41,29.92,29.84,16,4,20,7,0,0,0,0,0,0,0.0,None,None,None,0.0,0.88,1930,None,None,None,None,None,None,10,6,0,None,None,None,None,None,None,None,None,None,None,None,None,None,None,6,partlysunny
19900501,60,49,29.89,7,None,None,11,None,66,53,None,None,None,47,95,1932,2014,80,54,54,44,29.93,29.84,14,5,15,8,0,0,0,0,0,0,0.0,None,None,None,0.0,0.54,1980,None,None,None,None,None,None,10,6,0,None,None,None,None,None,None,None,None,None,None,None,None,None,None,1,mostlysunny
19900502,62,51,29.93,8,None,None,9,None,66,57,None,None,None,45,93,1883,2004,83,59,54,50,29.99,29.88,14,4,10,8,0,0,0,0,0,0,0.0,None,None,None,0.0,0.23,1905,None,None,None,None,None,None,12,4,0,None,None,None,None,None,None,None,None,None,None,None,None,None,None,4,partlycloudy
19900503,62,52,29.98,7,None,None,8,None,68,57,None,None,None,45,93,1915,2004,80,59,56,50,30.01,29.95,14,0,10,7,0,0,0,0,0,0,0.0,None,None,None,0.0,0.95,1892,None,None,None,None,None,None,12,2,0,None,None,None,None,None,None,None,None,None,None,None,None,None,None,3,partlycloudy
19900504,66,58,29.97,7,None,None,7,None,71,61,None,None,None,47,90,1930,1953,90,68,60,54,30.01,29.91,16,0,10,5,0,0,0,0,0,0,0.0,None,None,None,0.0,0.85,1900,None,None,None,None,None,None,16,0,1,None,None,None,None,None,None,None,None,None,None,None,None,None,None,3,partlycloudy
19900505,69,56,29.9,6,None,None,6,None,79,59,None,None,None,46,96,1910,1953,97,36,60,46,29.96,29.83,16,0,10,0,1,0,0,0,0,0,0.0,None,None,None,0.0,1.01,1921,None,None,None,None,None,None,19,0,4,None,None,None,None,None,None,None,None,None,None,None,None,None,None,1,hazy
19900506,75,56,29.82,5,None,None,12,None,87,63,None,None,None,47,87,1892,1990,87,32,63,48,29.87,29.77,16,0,20,7,0,0,0,0,0,0,0.0,None,None,None,0.0,0.42,1857,None,None,None,None,None,None,25,0,10,None,None,None,None,None,None,None,None,None,None,None,None,None,None,0,clear
19900507,64,58,29.85,8,None,None,6,None,68,59,None,None,None,49,85,1933,1941,93,70,63,53,29.91,29.81,13,5,10,2,1,0,0,0,0,0,0.0,None,None,None,0.0,0.79,2017,None,None,None,None,None,None,14,2,0,None,None,None,None,None,None,None,None,None,None,None,None,None,None,7,hazy
19900508,62,51,29.95,8,None,None,9,None,66,57,None,None,None,49,86,1965,2007,81,60,53,50,29.99,29.9,13,5,10,7,0,0,0,0,0,0,0.0,None,None,None,0.0,1.49,1977,None,None,None,None,None,None,12,4,0,None,None,None,None,None,None,None,None,None,None,None,None,None,None,4,partlycloudy
19900509,62,51,29.99,6,None,None,10,None,66,57,None,None,None,47,87,1908,1984,75,57,52,50,30.03,29.96,15,0,10,10,0,0,0,0,0,0,0.0,None,None,None,0.0,0.22,1893,None,None,None,None,None,None,12,4,0,None,None,None,None,None,None,None,None,None,None,None,None,None,None,6,partlysunny
19900510,63,47,29.96,10,None,None,12,None,66,60,None,None,None,48,85,1933,1943,67,47,50,41,30.0,29.93,17,6,20,10,0,0,0,0,0,0,0.0,None,None,None,0.0,0.38,1933,None,None,None,None,None,None,13,2,0,None,None,None,None,None,None,None,None,None,None,None,None,None,None,8,cloudy
19900511,63,50,29.95,9,None,None,12,None,66,60,None,None,None,47,83,1879,1996,78,52,53,46,29.98,29.92,13,4,15,8,0,0,0,0,0,0,0.0,None,None,None,0.03,0.42,1957,None,None,None,None,None,None,13,2,0,None,None,None,None,None,None,None,None,None,None,None,None,None,None,7,mostlycloudy
19900512,63,52,29.96,7,None,None,9,None,66,60,None,None,None,46,88,1890,1979,78,59,53,50,29.97,29.93,13,0,10,7,0,0,0,0,0,0,0.0,None,None,None,0.0,0.75,1853,None,None,None,None,None,None,13,2,0,None,None,None,None,None,None,None,None,None,None,None,None,None,None,6,partlysunny
19900513,64,52,29.94,8,None,None,9,None,68,60,None,None,None,48,94,1908,1979,78,52,53,49,29.97,29.9,13,5,10,7,0,0,0,0,0,0,0.0,None,None,None,0.28,1.25,1853,None,None,None,None,None,None,14,1,0,None,None,None,None,None,None,None,None,None,None,None,None,None,None,6,partlysunny
19900514,63,51,29.95,9,None,None,9,None,66,60,None,None,None,46,93,1880,2014,72,58,53,50,29.97,29.91,14,4,10,8,0,0,0,0,0,0,0.0,None,None,None,0.0,1.63,2015,None,None,None,None,None,None,13,2,0,None,None,None,None,None,None,None,None,None,None,None,None,None,None,7,mostlycloudy
19900515,63,51,29.98,8,None,None,12,None,66,60,None,None,None,46,97,1880,2014,75,56,52,49,30.02,29.94,14,5,15,10,0,0,0,0,0,0,0.0,None,None,None,0.0,1.05,1884,None,None,None,None,None,None,13,2,0,None,None,None,None,None,None,None,None,None,None,None,None,None,None,4,partlycloudy
19900516,62,54,30.0,6,None,None,8,None,70,55,None,None,None,45,92,1894,1956,84,59,57,50,30.03,29.98,17,0,10,7,0,0,0,0,0,0,0.0,None,None,None,0.0,0.07,1921,None,None,None,None,None,None,12,2,0,None,None,None,None,None,None,None,None,None,None,None,None,None,None,3,partlycloudy
19900517,66,53,30.0,6,None,None,9,None,70,61,None,None,None,48,94,1894,1956,84,53,57,49,30.02,29.98,15,0,10,7,0,0,0,0,0,0,0.0,None,None,None,0.0,0.29,1883,None,None,None,None,None,None,16,0,0,None,None,None,None,None,None,None,None,None,None,None,None,None,None,6,partlysunny
19900518,62,50,30.01,7,None,None,10,None,66,59,None,None,None,48,87,1880,1892,72,56,51,49,30.05,29.96,12,5,15,8,0,0,0,0,0,0,0.0,None,None,None,0.0,0.19,2011,None,None,None,None,None,None,12,2,0,None,None,None,None,None,None,None,None,None,None,None,None,None,None,6,partlysunny
19900519,61,48,29.99,10,None,None,10,None,63,59,None,None,None,49,87,1894,1943,75,54,53,45,30.02,29.95,13,7,10,8,0,0,0,0,0,0,0.0,None,None,None,0.0,0.44,1887,None,None,None,None,None,None,11,4,0,None,None,None,None,None,None,None,None,None,None,None,None,None,None,7,mostlycloudy
19900520,64,51,30.04,8,None,None,12,None,69,59,None,None,None,48,89,1896,1883,75,54,54,48,30.08,30.0,15,5,20,10,0,0,0,0,0,0,0.0,None,None,None,0.0,0.65,1851,None,None,None,None,None,None,14,1,0,None,None,None,None,None,None,None,None,None,None,None,None,None,None,3,partlycloudy
19900521,66,56,30.02,7,None,None,10,None,71,61,None,None,None,49,85,1948,1941,81,59,58,53,30.06,29.98,15,4,15,10,0,0,0,0,0,0,0.0,None,None,None,0.0,0.58,1921,None,None,None,None,None,None,16,0,1,None,None,None,None,None,None,None,None,None,None,None,None,None,None,4,partlycloudy
19900522,68,58,29.99,7,None,None,10,None,73,62,None,None,None,48,88,1878,1893,86,57,60,56,30.04,29.93,18,4,10,10,0,0,0,0,0,0,0.0,None,None,None,0.0,0.77,2006,None,None,None,None,None,None,18,0,2,None,None,None,None,None,None,None,None,None,None,None,None,None,None,5,partlysunny
19900523,66,58,29.91,8,None,None,13,None,69,62,None,None,None,48,82,1879,1932,84,68,59,57,29.94,29.88,14,4,15,10,0,0,0,0,0,0,0.0,None,None,None,0.0,0.17,1882,None,None,None,None,None,None,16,0,0,None,None,None,None,None,None,None,None,None,None,None,None,None,None,6,partlysunny
19900524,64,55,29.91,8,None,None,14,None,69,60,None,None,None,48,95,1879,1896,90,57,60,52,29.93,29.89,16,4,20,10,0,0,0,0,0,0,0.0,None,None,None,0.0,0.1,2008,None,None,None,None,None,None,14,0,0,None,None,None,None,None,None,None,None,None,None,None,None,None,None,4,partlycloudy
19900525,62,54,29.94,6,None,None,8,None,66,57,None,None,None,49,98,1879,1896,87,60,56,52,30.0,29.89,14,0,10,7,0,0,0,0,0,0,0.0,None,None,None,0.0,0.19,1931,None,None,None,None,None,None,12,4,0,None,None,None,None,None,None,None,None,None,None,None,None,None,None,4,partlycloudy
19900526,64,52,30.0,7,None,None,11,None,66,60,None,None,None,50,87,1916,1896,78,57,53,50,30.03,29.96,12,5,15,8,0,0,0,0,0,0,0.0,None,None,None,0.0,0.1,1942,None,None,None,None,None,None,14,2,0,None,None,None,None,None,None,None,None,None,None,None,None,None,None,4,partlycloudy
19900527,64,53,29.92,7,None,None,12,None,69,60,None,None,None,50,84,1917,1915,78,57,55,51,29.97,29.86,14,4,20,10,0,0,0,0,0,0,0.0,None,None,None,0.0,0.1,1962,None,None,None,None,None,None,14,0,0,None,None,None,None,None,None,None,None,None,None,None,None,None,None,7,mostlycloudy
19900528,62,56,29.82,11,None,None,8,None,66,59,None,None,None,52,86,1893,1997,96,68,60,51,29.95,29.75,20,5,15,3,1,0,0,1,0,0,0.0,None,None,None,0.51,0.49,1990,None,None,None,None,None,None,12,2,0,None,None,None,None,None,None,None,None,None,None,None,None,None,None,7,rain
19900529,62,52,29.98,8,None,None,11,None,66,57,None,None,None,52,88,1895,1978,81,60,53,49,30.03,29.94,14,4,15,10,0,0,0,0,0,0,0.0,None,None,None,0.0,0.2,1877,None,None,None,None,None,None,12,4,0,None,None,None,None,None,None,None,None,None,None,None,None,None,None,5,partlysunny
19900530,63,54,29.99,6,None,None,10,None,66,60,None,None,None,50,88,1878,1879,86,63,56,52,30.02,29.97,15,0,10,8,0,0,0,0,0,0,0.0,None,None,None,0.0,0.09,1884,None,None,None,None,None,None,13,2,0,None,None,None,None,None,None,None,None,None,None,None,None,None,None,6,partlysunny
19900531,64,53,29.99,9,None,None,12,None,68,59,None,None,None,52,94,1906,1879,84,56,57,51,30.01,29.97,15,0,15,10,0,0,0,0,0,0,0.0,None,None,None,0.0,0.11,1925,None,None,None,None,None,None,14,2,0,None,None,None,None,None,None,None,None,None,None,None,None,None,None,6,partlysunny
19900601,64,52,29.98,9,None,None,10,None,69,60,None,None,None,52,89,1916,1879,78,54,56,49,30.01,29.95,13,5,10,10,0,0,0,0,0,0,0.0,None,None,None,0.0,0.25,1899,None,None,None,None,None,None,14,0,0,None,None,None,None,None,None,None,None,None,None,None,None,None,None,3,partlycloudy
19900602,67,55,29.97,7,None,None,10,None,75,59,None,None,None,51,93,1967,1879,83,44,59,52,29.99,29.94,14,0,20,7,0,0,0,0,0,0,0.0,None,None,None,0.0,0.05,1944,None,None,None,None,None,None,17,0,2,None,None,None,None,None,None,None,None,None,None,None,None,None,None,0,clear
19900603,70,58,29.95,6,None,None,11,None,79,62,None,None,None,51,91,1890,1919,90,40,62,52,29.98,29.91,14,0,20,8,0,0,0,0,0,0,0.0,None,None,None,0.0,0.13,1952,None,None,None,None,None,None,20,0,6,None,None,None,None,None,None,None,None,None,None,None,None,None,None,0,clear
19900604,71,60,29.85,6,None,None,8,None,80,62,None,None,None,50,88,1908,1898,90,42,62,55,29.91,29.82,12,0,10,6,0,0,0,0,0,0,0.0,None,None,None,0.0,0.12,1945,None,None,None,None,None,None,21,0,6,None,None,None,None,None,None,None,None,None,None,None,None,None,None,0,clear
19900605,66,59,29.85,9,None,None,6,None,70,61,None,None,None,52,85,1880,1890,97,68,62,58,29.89,29.82,15,6,8,1,1,0,0,0,0,0,0.0,None,None,None,0.0,0.38,1993,None,None,None,None,None,None,16,0,0,None,None,None,None,None,None,None,None,None,None,None,None,None,None,5,hazy
19900606,67,59,29.89,8,None,None,6,None,71,63,None,None,None,52,93,1948,1890,87,63,60,58,29.93,29.86,12,4,7,5,1,0,0,0,0,0,0.0,None,None,None,0.0,0.29,1934,None,None,None,None,None,None,17,0,2,None,None,None,None,None,None,None,None,None,None,None,None,None,None,5,hazy
19900607,68,61,29.87,7,None,None,6,None,72,63,None,None,None,53,92,1906,1890,90,68,61,60,29.9,29.8,10,5,7,4,1,0,0,0,0,0,0.0,None,None,None,0.0,0.07,1879,None,None,None,None,None,None,18,0,2,None,None,None,None,None,None,None,None,None,None,None,None,None,None,7,hazy
19900608,70,62,29.86,8,None,None,6,None,75,64,None,None,None,52,81,1950,1890,93,64,63,59,29.9,29.77,17,0,7,3,1,0,0,1,1,0,0.0,None,None,None,0.0,0.07,1998,None,None,None,None,None,None,20,0,4,None,None,None,None,None,None,None,None,None,None,None,None,None,None,7,tstorms
19900609,72,64,29.83,6,None,None,9,None,77,66,None,None,None,54,93,1950,1877,90,66,66,60,29.89,29.78,12,0,10,4,0,0,0,1,1,0,0.0,None,None,None,0.38,0.38,1990,None,None,None,None,None,None,22,0,6,None,None,None,None,None,None,None,None,None,None,None,None,None,None,7,tstorms
19900610,70,64,29.94,6,None,None,9,None,73,66,None,None,None,52,101,1892,1979,97,68,66,62,30.0,29.88,10,4,20,2,1,0,0,1,0,0,0.0,None,None,None,0.49,0.49,1990,None,None,None,None,None,None,20,0,4,None,None,None,None,None,None,None,None,None,None,None,None,None,None,7,rain
19900611,69,63,29.98,7,None,None,8,None,72,64,None,None,None,51,98,1892,1979,93,76,65,60,30.02,29.94,14,4,10,7,0,0,0,0,0,0,0.0,None,None,None,0.0,0.26,1963,None,None,None,None,None,None,19,0,4,None,None,None,None,None,None,None,None,None,None,None,None,None,None,7,mostlycloudy
19900612,64,56,29.96,7,None,None,9,None,66,63,None,None,None,50,90,1894,1979,87,68,60,55,29.99,29.91,14,0,10,7,0,0,0,0,0,0,0.0,None,None,None,0.0,0.15,1862,None,None,None,None,None,None,14,0,0,None,None,None,None,None,None,None,None,None,None,None,None,None,None,5,partlysunny
19900613,64,54,29.92,12,None,None,10,None,66,63,None,None,None,50,90,1894,1979,78,63,56,52,29.94,29.87,17,9,10,8,0,0,0,0,0,0,0.0,None,None,None,0.0,0.15,1884,None,None,None,None,None,None,14,0,0,None,None,None,None,None,None,None,None,None,None,None,None,None,None,8,cloudy
19900614,64,50,29.98,10,None,None,11,None,68,61,None,None,None,50,87,1943,1917,78,50,56,48,30.02,29.94,15,7,20,10,0,0,0,0,0,0,0.0,None,None,None,0.0,0.1,1858,None,None,None,None,None,None,14,0,0,None,None,None,None,None,None,None,None,None,None,None,None,None,None,5,partlysunny
19900615,64,49,30.0,9,None,None,13,None,68,59,None,None,None,52,97,1907,1981,70,48,52,46,30.03,29.98,14,5,20,10,0,0,0,0,0,0,0.0,None,None,None,0.0,0.13,1995,None,None,None,None,None,None,14,2,0,None,None,None,None,None,None,None,None,None,None,None,None,None,None,5,partlysunny
19900616,65,54,29.95,6,None,None,11,None,70,60,None,None,None,54,100,1897,1981,81,59,57,51,29.98,29.92,13,4,15,10,0,0,0,0,0,0,0.0,None,None,None,0.0,0.17,1995,None,None,None,None,None,None,15,0,0,None,None,None,None,None,None,None,None,None,None,None,None,None,None,4,partlycloudy
19900617,64,57,29.96,7,None,None,10,None,66,63,None,None,None,52,93,1879,1957,81,70,57,56,30.0,29.9,10,4,10,8,0,0,0,0,0,0,0.0,None,None,None,0.0,0.14,1995,None,None,None,None,None,None,14,0,0,None,None,None,None,None,None,None,None,None,None,None,None,None,None,8,cloudy
19900618,66,57,30.0,8,None,None,8,None,70,62,None,None,None,54,97,1886,1957,84,63,59,55,30.04,29.96,15,6,10,6,0,0,0,0,0,0,0.0,None,None,None,0.0,0.08,1953,None,None,None,None,None,None,16,0,1,None,None,None,None,None,None,None,None,None,None,None,None,None,None,5,partlysunny
19900619,67,59,29.93,7,None,None,7,None,72,62,None,None,None,53,90,1894,1957,90,64,61,58,29.99,29.87,13,4,10,6,0,0,0,0,0,0,0.0,None,None,None,0.0,0.02,1928,None,None,None,None,None,None,17,0,2,None,None,None,None,None,None,None,None,None,None,None,None,None,None,4,partlycloudy
19900620,67,60,29.87,6,None,None,7,None,71,63,None,None,None,53,90,1909,1973,90,66,61,58,29.89,29.84,10,0,10,6,0,0,0,0,0,0,0.0,None,None,None,0.0,0.28,1972,None,None,None,None,None,None,17,0,2,None,None,None,None,None,None,None,None,None,None,None,None,None,None,5,partlysunny
19900621,67,59,29.88,5,None,None,7,None,71,63,None,None,None,54,92,1893,2008,87,63,60,58,29.91,29.86,14,0,8,6,0,0,0,0,0,0,0.0,None,None,None,0.0,0.01,1982,None,None,None,None,None,None,17,0,2,None,None,None,None,None,None,None,None,None,None,None,None,None,None,5,partlysunny
19900622,68,60,29.91,8,None,None,9,None,71,64,None,None,None,55,86,1916,1978,87,66,61,59,29.94,29.88,16,6,20,7,0,0,0,0,0,0,0.0,None,None,None,0.0,0.04,1992,None,None,None,None,None,None,18,0,2,None,None,None,None,None,None,None,None,None,None,None,None,None,None,4,partlycloudy
19900623,68,61,29.89,8,None,None,8,None,73,64,None,None,None,53,90,1893,1978,87,62,62,60,29.93,29.85,14,5,10,7,0,0,0,0,0,0,0.0,None,None,None,0.0,0.01,1972,None,None,None,None,None,None,18,0,4,None,None,None,None,None,None,None,None,None,None,None,None,None,None,4,partlycloudy
19900624,70,61,29.91,8,None,None,8,None,77,64,None,None,None,53,96,1892,1931,90,45,64,51,29.94,29.86,14,5,10,7,0,0,0,0,0,0,0.0,None,None,None,21.47,0.03,1918,None,None,None,None,None,None,20,0,6,None,None,None,None,None,None,None,None,None,None,None,None,None,None,2,mostlysunny
19900625,72,62,29.89,8,None,None,10,None,79,64,None,None,None,54,89,1943,2000,90,48,63,57,29.92,29.85,17,5,10,8,0,0,0,0,0,0,0.0,None,None,None,0.0,0.03,1913,None,None,None,None,None,None,22,0,6,None,None,None,None,None,None,None,None,None,None,None,None,None,None,0,clear
19900626,80,58,29.83,8,None,None,10,None,93,66,None,None,None,52,94,1885,1976,87,18,62,45,29.87,29.78,17,4,10,7,0,0,0,0,0,0,0.0,None,None,None,0.0,0.01,1952,None,None,None,None,None,None,30,0,14,None,None,None,None,None,None,None,None,None,None,None,None,None,None,0,clear
19900627,78,56,29.78,7,None,None,10,None,89,68,None,None,None,52,96,1884,2006,68,29,59,53,29.81,29.76,14,0,15,7,0,0,0,0,0,0,0.0,None,None,None,0.0,0.02,1913,None,None,None,None,None,None,28,0,14,None,None,None,None,None,None,None,None,None,None,None,None,None,None,0,clear
19900628,71,62,29.75,6,None,None,8,None,78,64,None,None,None,56,95,1950,1980,90,56,63,58,29.78,29.73,12,4,10,7,0,0,0,0,0,0,0.0,None,None,None,0.0,0.06,1925,None,None,None,None,None,None,21,0,6,None,None,None,None,None,None,None,None,None,None,None,None,None,None,0,clear
19900629,66,60,29.87,11,None,None,7,None,71,62,None,None,None,56,84,1910,1980,93,68,61,60,29.92,29.78,16,5,7,5,1,0,0,0,0,0,0.0,None,None,None,0.0,0.16,1912,None,None,None,None,None,None,16,0,2,None,None,None,None,None,None,None,None,None,None,None,None,None,None,6,hazy
19900630,72,62,29.92,7,None,None,7,None,81,64,None,None,None,54,96,1910,1985,90,50,64,60,29.97,29.87,10,4,8,7,0,0,0,0,0,0,0.0,None,None,None,0.0,0.04,2015,None,None,None,None,None,None,22,0,8,None,None,None,None,None,None,None,None,None,None,None,None,None,None,5,partlysunny
19900701,72,64,29.93,7,None,None,8,None,77,66,None,None,None,56,95,1890,1985,93,60,65,62,29.97,29.87,15,0,10,3,1,0,0,0,0,0,0.0,None,None,None,71.48,0.03,1994,None,None,None,None,None,None,22,0,6,None,None,None,None,None,None,None,None,None,None,None,None,None,None,4,hazy
19900702,70,63,29.89,7,None,None,8,None,75,66,None,None,None,56,94,1908,1985,90,60,64,61,29.92,29.84,12,0,10,7,0,0,0,0,0,0,0.0,None,None,None,0.0,0.6,1865,None,None,None,None,None,None,20,0,6,None,None,None,None,None,None,None,None,None,None,None,None,None,None,3,partlycloudy
19900703,70,62,29.89,7,None,None,8,None,75,64,None,None,None,57,90,1910,1981,90,60,63,60,29.92,29.87,13,4,10,7,0,0,0,0,0,0,0.0,None,None,None,0.0,0.02,1912,None,None,None,None,None,None,20,0,4,None,None,None,None,None,None,None,None,None,None,None,None,None,None,0,clear
19900704,70,62,29.93,8,None,None,9,None,75,64,None,None,None,54,89,1880,1957,90,59,64,59,29.96,29.89,16,5,15,7,0,0,0,0,0,0,0.0,None,None,None,0.0,0.0,2019,None,None,None,None,None,None,20,0,4,None,None,None,None,None,None,None,None,None,None,None,None,None,None,0,clear
19900705,72,62,29.91,7,None,None,11,None,77,66,None,None,None,55,84,1948,1981,87,54,64,59,29.94,29.87,15,4,20,7,0,0,0,0,0,0,0.0,None,None,None,0.0,0.01,1986,None,None,None,None,None,None,22,0,6,None,None,None,None,None,None,None,None,None,None,None,None,None,None,0,clear
19900706,70,62,29.85,6,None,None,9,None,75,66,None,None,None,57,96,1948,2018,90,64,63,61,29.9,29.8,13,0,15,7,0,0,0,0,0,0,0.0,None,None,None,0.0,0.03,1968,None,None,None,None,None,None,20,0,6,None,None,None,None,None,None,None,None,None,None,None,None,None,None,3,partlycloudy
19900707,66,59,29.86,10,None,None,8,None,69,63,None,None,None,56,86,1915,1954,87,68,61,56,29.9,29.82,14,7,10,7,0,0,0,0,0,0,0.0,None,None,None,0.0,0.02,1992,None,None,None,None,None,None,16,0,2,None,None,None,None,None,None,None,None,None,None,None,None,None,None,7,mostlycloudy
19900708,67,57,29.92,9,None,None,10,None,71,63,None,None,None,57,86,1899,1968,81,61,59,56,29.95,29.88,13,6,20,7,0,0,0,0,0,0,0.0,None,None,None,0.0,0.08,1950,None,None,None,None,None,None,17,0,2,None,None,None,None,None,None,None,None,None,None,None,None,None,None,5,partlysunny
19900709,70,60,29.94,8,None,None,8,None,75,66,None,None,None,57,95,1943,1985,84,62,63,58,29.96,29.9,16,5,10,7,0,0,0,0,0,0,0.0,None,None,None,0.0,0.0,2019,None,None,None,None,None,None,20,0,6,None,None,None,None,None,None,None,None,None,None,None,None,None,None,4,partlycloudy
19900710,73,64,29.91,8,None,None,7,None,80,66,None,None,None,57,93,1882,1959,87,54,66,61,29.93,29.87,14,4,8,7,0,0,0,0,0,0,0.0,None,None,None,0.0,0.09,1996,None,None,None,None,None,None,23,0,8,None,None,None,None,None,None,None,None,None,None,None,None,None,None,4,partlycloudy
19900711,77,65,29.91,7,None,None,8,None,84,70,None,None,None,58,89,1952,1959,90,37,68,56,29.94,29.89,12,5,10,7,0,0,0,0,0,0,0.0,None,None,None,0.0,0.04,2013,None,None,None,None,None,None,27,0,12,None,None,None,None,None,None,None,None,None,None,None,None,None,None,5,partlysunny
19900712,76,65,29.94,7,None,None,7,None,82,70,None,None,None,55,85,1888,1983,90,41,68,57,29.99,29.91,9,5,8,7,0,0,0,0,0,0,0.0,None,None,None,153.12,0.0,2019,None,None,None,None,None,None,26,0,11,None,None,None,None,None,None,None,None,None,None,None,None,None,None,5,partlysunny
19900713,75,67,29.96,6,None,None,8,None,79,71,None,None,None,55,85,1902,1984,87,60,68,64,30.0,29.92,13,4,10,7,0,0,0,0,0,0,0.0,None,None,None,0.0,0.0,2019,None,None,None,None,None,None,25,0,10,None,None,None,None,None,None,None,None,None,None,None,None,None,None,6,partlysunny
19900714,76,67,29.88,7,None,None,8,None,80,70,None,None,None,55,93,1902,1911,90,64,69,64,29.93,29.82,13,4,10,6,0,0,0,0,0,0,0.0,None,None,None,71.55,0.16,1905,None,None,None,None,None,None,26,0,10,None,None,None,None,None,None,None,None,None,None,None,None,None,None,3,partlycloudy
19900715,71,64,29.85,7,None,None,7,None,73,69,None,None,None,56,90,1908,1984,87,66,65,62,29.91,29.81,13,4,10,6,0,0,0,0,0,0,0.0,None,None,None,0.0,0.19,1865,None,None,None,None,None,None,21,0,6,None,None,None,None,None,None,None,None,None,None,None,None,None,None,6,partlysunny
19900716,74,64,29.94,7,None,None,7,None,78,69,None,None,None,54,88,1884,2003,81,62,65,62,30.01,29.9,12,4,8,7,0,0,0,0,0,0,0.0,None,None,None,0.0,0.05,1995,None,None,None,None,None,None,24,0,8,None,None,None,None,None,None,None,None,None,None,None,None,None,None,4,partlycloudy
19900717,74,65,29.98,8,None,None,8,None,79,70,None,None,None,56,86,1884,1984,87,64,67,64,30.01,29.93,16,5,8,7,0,0,0,0,0,0,0.0,None,None,None,1.47,0.12,1912,None,None,None,None,None,None,24,0,10,None,None,None,None,None,None,None,None,None,None,None,None,None,None,2,mostlysunny
19900718,74,66,29.91,8,None,None,8,None,78,70,None,None,None,56,83,1884,1951,90,64,67,65,29.97,29.84,15,5,10,7,0,0,0,0,0,0,0.0,None,None,None,0.0,1.03,2015,None,None,None,None,None,None,24,0,9,None,None,None,None,None,None,None,None,None,None,None,None,None,None,3,partlycloudy
19900719,74,66,29.83,7,None,None,8,None,80,69,None,None,None,58,88,1894,2015,93,56,67,62,29.87,29.79,14,0,10,7,0,0,0,0,0,0,0.0,None,None,None,0.0,0.66,2015,None,None,None,None,None,None,24,0,10,None,None,None,None,None,None,None,None,None,None,None,None,None,None,3,partlycloudy
19900720,72,65,29.86,7,None,None,7,None,77,68,None,None,None,57,86,1894,1960,90,66,67,63,29.93,29.81,12,6,8,5,1,0,0,0,0,0,0.0,None,None,None,0.0,0.2,1998,None,None,None,None,None,None,22,0,8,None,None,None,None,None,None,None,None,None,None,None,None,None,None,5,hazy
19900721,73,64,29.92,7,None,None,7,None,77,69,None,None,None,57,86,1894,1877,87,69,66,63,29.96,29.9,12,4,8,5,1,0,0,0,0,0,0.0,None,None,None,0.0,0.15,1860,None,None,None,None,None,None,23,0,8,None,None,None,None,None,None,None,None,None,None,None,None,None,None,5,hazy
19900722,72,64,29.92,6,None,None,6,None,77,68,None,None,None,59,99,1940,2006,87,66,65,63,29.95,29.87,12,4,8,5,1,0,0,0,0,0,0.0,None,None,None,0.0,0.09,1874,None,None,None,None,None,None,22,0,8,None,None,None,None,None,None,None,None,None,None,None,None,None,None,5,hazy
19900723,72,65,29.88,7,None,None,8,None,77,68,None,None,None,58,89,1892,1960,87,69,66,63,29.91,29.82,16,4,8,7,0,0,0,0,0,0,0.0,None,None,None,0.0,0.21,1864,None,None,None,None,None,None,22,0,8,None,None,None,None,None,None,None,None,None,None,None,None,None,None,7,mostlycloudy
19900724,70,61,29.87,7,None,None,8,None,73,66,None,None,None,56,85,1878,2006,87,66,64,58,29.91,29.84,12,5,10,5,1,0,0,0,0,0,0.0,None,None,None,0.0,0.01,2006,None,None,None,None,None,None,20,0,4,None,None,None,None,None,None,None,None,None,None,None,None,None,None,7,hazy
19900725,70,59,29.95,9,None,None,9,None,73,66,None,None,None,57,88,1893,1891,81,57,60,58,29.97,29.92,13,4,10,7,0,0,0,0,0,0,0.0,None,None,None,0.0,0.83,1902,None,None,None,None,None,None,20,0,4,None,None,None,None,None,None,None,None,None,None,None,None,None,None,3,partlycloudy
19900726,70,61,29.99,6,None,None,9,None,75,66,None,None,None,59,87,1932,1977,84,60,62,59,30.02,29.97,12,0,10,7,0,0,0,0,0,0,0.0,None,None,None,0.0,0.05,1941,None,None,None,None,None,None,20,0,6,None,None,None,None,None,None,None,None,None,None,None,None,None,None,2,mostlysunny
19900727,72,62,29.98,6,None,None,8,None,77,66,None,None,None,58,86,1892,1972,87,60,63,61,30.0,29.95,14,0,10,7,0,0,0,0,0,0,0.0,None,None,None,0.0,0.13,1984,None,None,None,None,None,None,22,0,6,None,None,None,None,None,None,None,None,None,None,None,None,None,None,2,mostlysunny
19900728,72,62,29.95,6,None,None,8,None,77,66,None,None,None,59,92,1909,1972,90,60,63,62,29.98,29.91,12,4,10,7,0,0,0,0,0,0,0.0,None,None,None,0.0,0.1,1968,None,None,None,None,None,None,22,0,6,None,None,None,None,None,None,None,None,None,None,None,None,None,None,2,mostlysunny
19900729,70,63,29.93,7,None,None,8,None,77,64,None,None,None,57,89,1893,1972,90,64,64,61,29.97,29.9,14,4,10,7,0,0,0,0,0,0,0.0,None,None,None,0.0,0.14,1937,None,None,None,None,None,None,20,0,6,None,None,None,None,None,None,None,None,None,None,None,None,None,None,2,mostlysunny
19900730,72,65,29.94,7,None,None,8,None,79,66,None,None,None,56,100,1896,1930,90,60,67,62,29.97,29.91,17,5,10,6,0,0,0,0,0,0,0.0,None,None,None,0.0,0.01,1923,None,None,None,None,None,None,22,0,8,None,None,None,None,None,None,None,None,None,None,None,None,None,None,4,partlycloudy
19900731,72,65,29.92,8,None,None,8,None,78,66,None,None,None,58,92,1924,1930,90,66,67,61,29.96,29.88,16,5,10,6,0,0,0,0,0,0,0.0,None,None,None,0.0,0.23,1991,None,None,None,None,None,None,22,0,7,None,None,None,None,None,None,None,None,None,None,None,None,None,None,3,partlycloudy
19900801,68,60,29.92,6,None,None,10,None,73,64,None,None,None,60,90,1944,1972,87,61,61,58,29.95,29.89,13,0,10,8,0,0,0,0,0,0,0.0,None,None,None,0.0,0.01,1991,None,None,None,None,None,None,18,0,4,None,None,None,None,None,None,None,None,None,None,None,None,None,None,4,partlycloudy
19900802,70,58,29.97,7,None,None,10,None,73,66,None,None,None,59,85,1944,1971,76,57,60,56,30.0,29.94,13,5,10,8,0,0,0,0,0,0,0.0,None,None,None,0.0,0.4,1852,None,None,None,None,None,None,20,0,4,None,None,None,None,None,None,None,None,None,None,None,None,None,None,6,partlysunny
19900803,72,61,30.01,8,None,None,8,None,75,68,None,None,None,57,85,1888,1971,78,64,62,59,30.04,29.98,14,5,10,7,0,0,0,0,0,0,0.0,None,None,None,0.0,0.01,2006,None,None,None,None,None,None,22,0,6,None,None,None,None,None,None,None,None,None,None,None,None,None,None,7,mostlycloudy
19900804,72,63,29.98,9,None,None,7,None,75,68,None,None,None,59,86,1880,1971,84,66,63,62,30.02,29.93,16,4,8,6,0,0,0,0,0,0,0.0,None,None,None,0.0,0.02,1961,None,None,None,None,None,None,22,0,6,None,None,None,None,None,None,None,None,None,None,None,None,None,None,7,mostlycloudy
19900805,72,64,29.94,7,None,None,7,None,75,68,None,None,None,56,88,1912,1961,87,67,64,63,29.97,29.89,12,6,10,6,0,0,0,0,0,0,0.0,None,None,None,71.48,0.05,1926,None,None,None,None,None,None,22,0,6,None,None,None,None,None,None,None,None,None,None,None,None,None,None,5,partlysunny
19900806,74,65,29.94,7,None,None,7,None,79,69,None,None,None,56,89,1912,1884,87,64,66,64,30.0,29.9,13,4,10,7,0,0,0,0,0,0,0.0,None,None,None,0.0,0.02,1983,None,None,None,None,None,None,24,0,9,None,None,None,None,None,None,None,None,None,None,None,None,None,None,5,partlysunny
19900807,74,66,29.94,7,None,None,8,None,78,71,None,None,None,55,91,1894,2018,91,64,69,65,29.98,29.87,12,5,10,7,0,0,0,1,1,0,0.0,None,None,None,0.0,0.15,1983,None,None,None,None,None,None,24,0,10,None,None,None,None,None,None,None,None,None,None,None,None,None,None,5,tstorms
19900808,74,66,29.94,7,None,None,7,None,78,70,None,None,None,58,94,1944,1936,87,66,67,64,29.97,29.89,14,5,8,5,0,0,0,0,0,0,0.0,None,None,None,0.0,0.25,1936,None,None,None,None,None,None,24,0,9,None,None,None,None,None,None,None,None,None,None,None,None,None,None,7,mostlycloudy
19900809,74,65,29.94,8,None,None,9,None,77,70,None,None,None,59,90,1916,2018,84,66,66,64,29.97,29.91,14,6,10,8,0,0,0,0,0,0,0.0,None,None,None,0.0,0.64,1908,None,None,None,None,None,None,24,0,8,None,None,None,None,None,None,None,None,None,None,None,None,None,None,6,partlysunny
19900810,72,65,29.93,8,None,None,7,None,75,70,None,None,None,58,88,1894,2018,87,71,66,64,29.96,29.89,14,5,10,7,0,0,0,0,0,0,0.0,None,None,None,31.48,0.03,1945,None,None,None,None,None,None,22,0,8,None,None,None,None,None,None,None,None,None,None,None,None,None,None,7,mostlycloudy
19900811,74,66,29.92,8,None,None,7,None,79,70,None,None,None,58,88,1894,2018,87,66,67,66,29.95,29.85,15,5,10,7,0,0,0,0,0,0,0.0,None,None,None,31.44,0.15,1873,None,None,None,None,None,None,24,0,10,None,None,None,None,None,None,None,None,None,None,None,None,None,None,6,partlysunny
19900812,74,66,29.93,7,None,None,8,None,78,69,None,None,None,57,94,1894,1991,90,68,68,64,29.95,29.89,14,0,10,5,0,0,0,0,0,0,0.0,None,None,None,0.0,1.8,1873,None,None,None,None,None,None,24,0,8,None,None,None,None,None,None,None,None,None,None,None,None,None,None,6,partlysunny
19900813,70,64,29.95,9,None,None,9,None,73,68,None,None,None,57,93,1892,1994,87,71,64,63,29.97,29.91,14,5,10,7,0,0,0,0,0,0,0.0,None,None,None,0.0,0.05,1992,None,None,None,None,None,None,20,0,6,None,None,None,None,None,None,None,None,None,None,None,None,None,None,8,cloudy
19900814,69,64,29.93,6,None,None,8,None,72,66,None,None,None,57,90,1892,1994,93,73,65,62,29.96,29.9,9,4,10,5,0,0,0,0,0,0,0.0,None,None,None,0.01,0.17,1983,None,None,None,None,None,None,19,0,4,None,None,None,None,None,None,None,None,None,None,None,None,None,None,8,cloudy
19900815,70,62,29.95,7,None,None,9,None,75,66,None,None,None,58,92,1880,1884,90,60,64,58,29.99,29.91,13,5,10,7,0,0,0,0,0,0,0.0,None,None,None,0.0,0.07,1918,None,None,None,None,None,None,20,0,6,None,None,None,None,None,None,None,None,None,None,None,None,None,None,7,mostlycloudy
19900816,74,62,29.96,8,None,None,10,None,78,69,None,None,None,59,88,1881,1983,81,50,63,58,29.99,29.93,15,5,10,8,0,0,0,0,0,0,0.0,None,None,None,0.0,1.44,1977,None,None,None,None,None,None,24,0,8,None,None,None,None,None,None,None,None,None,None,None,None,None,None,5,partlysunny
19900817,72,63,29.92,6,None,None,8,None,75,68,None,None,None,58,88,1932,1992,84,64,64,62,29.94,29.89,14,0,10,7,0,0,0,0,0,0,0.0,None,None,None,0.0,0.69,1977,None,None,None,None,None,None,22,0,6,None,None,None,None,None,None,None,None,None,None,None,None,None,None,6,partlysunny
19900818,69,62,29.93,7,None,None,8,None,72,66,None,None,None,59,90,1932,1986,84,70,63,59,29.97,29.9,13,4,10,5,0,0,0,0,0,0,0.0,None,None,None,0.0,0.83,1945,None,None,None,None,None,None,19,0,4,None,None,None,None,None,None,None,None,None,None,None,None,None,None,8,cloudy
19900819,70,59,29.93,8,None,None,10,None,73,66,None,None,None,54,88,1884,1986,81,61,60,58,29.97,29.9,14,5,10,9,0,0,0,0,0,0,0.0,None,None,None,0.0,0.01,1933,None,None,None,None,None,None,20,0,4,None,None,None,None,None,None,None,None,None,None,None,None,None,None,6,partlysunny
19900820,68,58,29.95,8,None,None,10,None,73,64,None,None,None,58,89,1912,1897,76,59,60,56,29.99,29.91,14,5,10,10,0,0,0,0,0,0,0.0,None,None,None,0.0,0.08,1906,None,None,None,None,None,None,18,0,4,None,None,None,None,None,None,None,None,None,None,None,None,None,None,2,mostlysunny
19900821,70,61,30.01,7,None,None,10,None,75,64,None,None,None,58,89,1916,1982,84,60,63,59,30.04,29.99,14,4,15,7,0,0,0,0,0,0,0.0,None,None,None,0.0,1.35,1854,None,None,None,None,None,None,20,0,4,None,None,None,None,None,None,None,None,None,None,None,None,None,None,2,mostlysunny
19900822,70,62,29.98,6,None,None,9,None,75,64,None,None,None,59,90,1916,1972,87,62,63,61,30.02,29.92,14,0,10,7,0,0,0,0,0,0,0.0,None,None,None,0.0,0.0,2019,None,None,None,None,None,None,20,0,4,None,None,None,None,None,None,None,None,None,None,None,None,None,None,2,mostlysunny
19900823,70,60,29.9,6,None,None,10,None,73,66,None,None,None,55,89,1878,1968,81,61,62,58,29.93,29.87,13,0,10,8,0,0,0,0,0,0,0.0,None,None,None,0.0,0.07,1853,None,None,None,None,None,None,20,0,4,None,None,None,None,None,None,None,None,None,None,None,None,None,None,5,partlysunny
19900824,69,59,29.95,8,None,None,10,None,72,66,None,None,None,58,85,1899,1931,73,66,61,57,30.0,29.92,14,6,10,8,0,0,0,0,0,0,0.0,None,None,None,0.0,0.13,1885,None,None,None,None,None,None,19,0,4,None,None,None,None,None,None,None,None,None,None,None,None,None,None,7,mostlycloudy
